Age,Gender,Admission_grade,First_semester_grade,Second_semester_grade,Scholarship_status,Debtor_status,Tuition_fee_status,Outcome
24,1,11.510578917809003,10.813969532898206,3.227256021107674,1,0,1,Enrolled
37,0,14.32334801042602,1.9306894039088163,1.671086750213795,1,0,1,Enrolled
32,0,19.436159201675988,4.83787656517678,0.3825793287457402,0,0,1,Dropout
28,0,14.197273169261223,0.2480807255462958,3.314963539304414,0,0,1,Dropout
25,1,16.385259476640854,9.375359309290117,17.817110699662933,1,0,1,Graduate
38,1,13.975943979627942,6.0253052152000075,4.830736834033635,1,1,1,Dropout
24,1,12.7421520234867,11.967149685955176,7.085426544344314,0,1,0,Dropout
36,1,19.83977647959828,5.944756154172344,2.1069096896266637,1,0,1,Enrolled
40,1,14.09334006315043,5.998382230139693,4.447226094963406,1,0,1,Enrolled
28,0,18.940992036791343,14.863863974632068,10.384491415604103,0,0,1,Graduate
28,1,12.299546058910861,0.962856719567069,12.155053661913051,1,0,1,Enrolled
38,0,12.131047040250833,18.057899903839743,4.907046283324221,0,0,1,Enrolled
21,0,10.311340828845113,17.04527748782363,1.1546431845023442,0,1,1,Dropout
25,0,16.51666825375885,13.35609366452813,7.820657382547973,0,0,1,Enrolled
20,1,13.685263437237612,11.864431402147686,4.684067418526682,0,0,1,Enrolled
39,1,18.64358249839637,17.846049962793046,4.391078464596038,1,0,1,Enrolled
38,1,14.732099066915572,3.706603590574289,19.197256054269104,0,0,1,Enrolled
19,0,19.681934279147217,1.5793832438165722,12.32600971851448,1,0,0,Dropout
29,0,11.85525515703121,4.790203398190762,11.137568863441917,1,0,1,Enrolled
23,0,18.68623167955611,15.891565574003806,8.315502070466438,1,0,1,Enrolled
19,0,17.765968527917416,0.6934053345296665,8.578886668602886,1,0,1,Enrolled
38,0,17.70921844644052,11.656136701669793,10.818100076761617,1,0,1,Enrolled
18,0,18.44783228116888,19.908750323826197,13.928596140722146,0,1,1,Enrolled
29,1,17.61023990942999,17.113921876750787,14.04292192363659,0,0,1,Graduate
39,1,16.262203216314155,10.428913780871788,3.4338781541089913,0,0,1,Dropout
29,1,11.312448776823876,1.2728181857328469,10.002255041532539,0,0,1,Dropout
34,1,10.32526179491252,16.627470287714196,8.239161900682038,1,0,1,Enrolled
27,0,19.20847847815687,11.97957016354421,17.410539325387685,0,0,1,Graduate
33,0,16.16650314520738,2.2986599411913367,12.628378424367527,1,1,1,Dropout
32,1,17.96537290976176,1.877145696467124,10.650081328319636,1,0,1,Enrolled
32,0,14.815223515125501,18.19253638873185,2.3078928435783475,0,0,1,Enrolled
36,1,11.173081889623944,13.384005258761569,12.11275778646823,0,0,1,Graduate
29,1,11.251857922025504,16.58573598633511,2.3440781136046684,0,0,1,Enrolled
40,1,16.855652872289713,17.579578005645345,6.744131511315041,0,1,1,Dropout
37,0,14.303058948994627,11.435447040966444,2.8568392962866374,1,1,1,Dropout
20,1,12.005247267003368,10.348927035100825,13.841472940487378,1,0,1,Enrolled
22,1,14.91594546741437,8.608548206419805,4.125042276723052,0,0,1,Dropout
36,1,10.642089370751341,6.338931755822386,7.83718746376052,1,0,1,Enrolled
24,0,15.819714019143987,8.691919217174235,17.913495552375572,1,1,1,Graduate
38,0,12.689934044350977,15.477593114603128,4.086327667979406,1,0,1,Enrolled
26,1,17.975591006371882,12.03846862030263,10.156101279175582,0,1,1,Dropout
24,0,13.103619589235738,17.850465799096924,8.38543322332044,1,0,1,Graduate
35,0,14.552201490818012,8.867600287583755,0.36248082091459466,0,0,1,Dropout
21,0,10.116205399081007,12.14179157437508,15.855162271456255,0,0,1,Graduate
31,0,10.724468877945588,12.626151061839774,1.3809181262919945,1,1,1,Dropout
35,0,13.924935564066848,11.83394324612651,9.485100419539073,1,1,1,Enrolled
26,0,14.799388347171234,14.052675461710326,11.213565898778999,0,0,0,Enrolled
38,0,16.000205481193035,4.748669367496126,12.568529132291742,1,0,1,Enrolled
19,0,12.916625787093032,10.247275550915813,13.772632586157512,1,0,1,Enrolled
37,0,16.949818861265427,2.0844960561669534,5.065447670454302,0,0,1,Dropout
32,0,18.601223971892047,7.690226552896251,0.19957553316898746,0,0,1,Dropout
24,1,17.7985098889335,9.753341372425288,14.468873247098239,0,0,1,Enrolled
29,1,10.396188253483572,13.04448519090945,10.713131986951572,0,1,1,Dropout
25,0,14.805069472578289,19.01062105172407,16.722354064144977,1,0,0,Enrolled
32,1,11.049301784181749,12.013021330967117,16.427767258013887,1,1,1,Graduate
20,1,12.420450158625275,14.871878323531195,16.866523355757664,0,0,1,Graduate
31,0,19.866625932671464,10.125321189904055,9.701893199590803,0,0,1,Enrolled
34,0,11.424955429015132,12.682080627526627,6.672567916737313,0,0,1,Enrolled
21,0,14.98888153451356,1.4186443226754686,15.8311640518274,1,0,1,Enrolled
35,1,16.18155734318119,5.08783161683694,9.0258822605851,0,0,1,Dropout
25,1,17.02464970544104,7.237061864102774,3.66884392806869,1,0,1,Enrolled
21,0,15.596486834869141,9.449867100130271,17.099480391229488,0,0,1,Graduate
19,0,10.097708474191837,0.9129749100476747,17.651197535446947,0,0,1,Enrolled
23,0,13.264613082439919,2.8004819510663537,9.326195122803401,0,0,0,Dropout
39,1,15.177116433847115,5.536286155826115,1.5139945461957494,1,0,1,Enrolled
27,1,10.878664991448334,19.430653818021014,7.756521798338625,1,1,1,Graduate
21,1,13.506269312091808,6.626940142061015,16.070753189252066,1,1,1,Enrolled
39,1,10.332031087913666,9.64082116224165,18.035480570924573,0,0,1,Graduate
35,0,10.785784971550207,3.9219542547678587,4.069454849951917,1,0,1,Enrolled
29,0,13.96923276201596,12.215601421515366,1.3394722405054305,1,0,1,Enrolled
19,0,11.327157540430603,5.613664310319486,17.547009062656773,0,1,1,Dropout
27,0,15.67540848261558,4.1398515687685356,7.788098779577506,0,0,1,Dropout
21,1,16.894649691372656,10.33145256891958,10.835219285351265,1,0,1,Enrolled
31,1,18.005866991090826,0.11011598320841642,19.361316241015178,1,0,1,Enrolled
33,0,12.0015024424481,0.15328065298450655,1.331294558284457,1,0,1,Enrolled
32,0,11.674825822590698,4.3813761820371555,12.966360149041911,1,0,1,Enrolled
25,1,11.045678403344002,0.7344272500164228,1.4821084514973415,0,0,1,Dropout
31,0,16.364302495436366,2.1605150826138275,7.509378569330007,0,0,1,Dropout
40,1,17.064757264869012,6.777212986775032,16.076290903868934,0,0,1,Enrolled
25,0,10.31586144825642,16.051713591596258,8.669444655112688,1,0,1,Enrolled
38,0,19.3621224624369,11.440972867386016,19.94364707805901,1,0,1,Graduate
33,0,10.519712836514724,10.253354519128328,11.181185698932044,0,1,1,Dropout
30,0,15.412963353010705,5.869776464162433,6.423243052719069,0,0,1,Dropout
35,0,17.090605194509166,18.635074388656328,4.402226518095063,1,1,1,Enrolled
32,0,18.709691237460856,7.940300824743833,7.010410685723237,1,0,0,Dropout
38,0,17.140869321324278,1.7418553359154298,7.450665475191016,0,0,1,Dropout
30,1,18.01728083069792,12.341330322356026,1.3742735544792195,0,1,1,Dropout
26,1,13.39450192542806,2.276767869532028,7.391483988535463,0,0,1,Dropout
32,1,18.148251137465124,6.904462856033842,9.284770394784498,1,1,1,Enrolled
30,1,10.80114846384675,10.148238774356177,14.454755044776093,1,0,1,Enrolled
18,1,18.948166560605276,17.484450493703516,13.13458969443216,1,1,1,Graduate
24,0,15.475923761537363,9.870931606802372,14.175313104583084,1,0,1,Enrolled
26,0,18.172977699624937,14.045175320633286,0.16727363753714197,1,0,1,Enrolled
18,1,14.523182845183001,19.856336779981408,4.353347991610721,1,0,0,Dropout
29,0,16.43577695196525,2.6297823979596324,13.23368576799713,0,1,0,Dropout
25,1,15.264026609361132,5.49463051039039,9.679787363594944,0,1,1,Dropout
28,1,17.31589521755332,7.891521511952928,0.10626951336691892,1,1,1,Dropout
36,0,10.816299820305895,8.436563570776627,16.089892848636445,0,1,1,Dropout
34,0,10.603520839905638,8.220421505310915,15.456191465806748,1,0,1,Enrolled
25,0,12.471032340101464,18.1522200511311,10.968383259871253,0,0,1,Graduate
20,1,11.595446801131883,14.280652889337128,1.3292665155254424,1,0,1,Enrolled
20,0,18.717835665922017,12.158104281814076,15.330300990651693,0,0,1,Graduate
18,1,12.192139873580443,6.187454357255642,11.674271754627279,0,0,1,Enrolled
22,1,19.758652558191315,16.475807684425895,15.639199543159183,1,0,1,Graduate
27,1,13.368957917711068,19.101210229699777,15.034939847916808,1,0,1,Graduate
24,0,11.821179156886993,16.42396565100453,16.06004143915674,0,0,1,Graduate
26,0,17.89698507142479,0.03130210382945808,10.360161328092497,0,0,0,Dropout
24,1,16.58707775500876,12.72802740366814,2.8064903638703,1,0,1,Enrolled
26,0,14.98195716453139,1.0227076288420145,13.423149467593774,0,0,1,Dropout
25,0,15.553635509376313,5.152144406674437,12.409475701039412,1,0,1,Enrolled
29,0,17.192017782722637,1.1904940069554337,14.845063743981743,1,0,1,Enrolled
19,1,12.284547413312987,12.075909058987754,3.397620121014706,0,0,1,Enrolled
18,1,19.96333916056742,13.731798269852135,3.8995039980057844,1,0,1,Enrolled
33,0,19.74793162146783,2.2897527613181023,17.80819034438657,0,0,1,Enrolled
40,1,16.503256863469367,7.67677766089959,14.999555969041417,0,0,1,Enrolled
40,0,11.995424509291452,9.124730179110841,18.16456977400646,1,0,1,Graduate
22,0,16.802282424312914,7.381060435218332,15.174306423278415,0,0,1,Enrolled
20,0,10.721984089791759,2.420500009703861,11.943106119806037,1,0,1,Enrolled
29,0,10.30652502205806,8.378955803749509,13.082654740557473,1,0,1,Enrolled
25,1,12.576828885112137,15.023560956168362,17.782558478800198,1,1,1,Graduate
39,1,14.626229567393164,1.4201532906651093,11.576135090238811,0,1,1,Dropout
20,1,18.682725054083804,1.603600281638069,12.647826486567748,1,0,0,Dropout
18,0,17.271690697663082,7.095425836719684,3.1295343200720116,0,0,0,Dropout
20,0,17.42706521199981,18.834514232378503,9.478424402322055,1,0,1,Graduate
22,0,14.254933344480754,13.371452934458281,14.32794223916198,1,0,1,Graduate
32,1,13.45934992546963,13.573399133451296,5.418853966327308,1,1,1,Enrolled
31,0,13.710387629846027,7.238399816757299,4.045083610490698,0,0,1,Dropout
20,1,19.876495637360577,11.873215824170769,6.276536164488311,0,0,1,Enrolled
18,1,10.401091914124825,0.20262368055486757,4.830012559856669,1,0,1,Enrolled
22,1,18.670314961224484,12.721920928190844,4.298252740727917,1,1,1,Enrolled
40,1,15.786754085723935,18.265738951524735,8.49701685736174,0,0,1,Graduate
31,1,14.386154191895905,12.251469366896384,18.15677027767068,0,0,1,Graduate
24,1,17.252576604151365,17.473971869326903,10.141192934774367,0,0,1,Graduate
26,0,14.866689414247029,14.479461109321877,3.7584076163064606,1,0,1,Enrolled
32,0,18.734232380816607,2.411168328073805,1.5394333876174815,0,0,1,Dropout
32,1,19.007018640112584,18.049066145716836,13.923122902758504,1,0,1,Graduate
27,1,14.217209268734553,1.3288768871154977,7.655975288727756,0,1,0,Dropout
30,0,12.768277972350516,10.679349450955275,16.436618931707187,1,1,0,Enrolled
36,1,15.923503285933622,2.8427424758691533,13.190215372815404,1,1,1,Enrolled
24,1,19.12363345616691,0.2341322146180813,15.92482901082737,1,0,1,Enrolled
34,0,12.106621890056665,8.44068520255278,5.438920788368975,0,1,1,Dropout
37,1,16.229665835634826,5.900814153083125,13.847178449221163,0,0,0,Dropout
21,1,16.315602200925206,9.72000987595206,5.281239693874376,0,0,1,Enrolled
22,1,17.33113022415281,11.543997734691017,18.78136958900583,1,0,1,Graduate
40,0,11.315676851272599,0.8747814461789472,12.727485630667488,1,0,1,Enrolled
24,0,17.158249646820884,2.4600659024749127,6.490236003506842,0,0,1,Dropout
30,0,19.09032520665641,11.172847929008507,5.390237245845453,1,0,1,Enrolled
32,1,11.796831088702419,6.863347063453165,3.81853170143287,1,0,1,Enrolled
28,1,12.375433249238776,14.58346975098896,13.892819177874555,1,1,1,Graduate
21,0,19.713950940416396,13.045832971838793,4.374312259958546,0,0,1,Enrolled
30,1,11.809769527094897,16.912087259798135,11.906065318549782,1,0,1,Graduate
24,1,18.543850933695794,13.849856533384505,5.292700538507146,0,0,1,Enrolled
36,1,14.922778564480348,8.598621547802964,13.239378895877373,0,0,1,Enrolled
39,1,12.47231074403177,13.459332447888649,16.298794570810784,0,0,1,Graduate
19,1,18.707499012725116,5.50762348510837,15.560504862893064,0,0,1,Enrolled
27,0,14.453052550026655,6.126269975564254,15.217026618615634,0,0,1,Enrolled
30,1,15.148173539296902,15.779703198415866,3.7544481138450414,1,0,1,Enrolled
38,0,13.592333693997656,8.928390328031643,1.7676989396903742,0,0,1,Dropout
23,1,15.929508514349275,15.96760681036705,13.978976569747712,0,1,1,Enrolled
29,0,11.635238725850227,16.44844747336557,7.366944275887026,0,0,1,Enrolled
29,1,13.910815366517607,17.151246753225674,8.646924528066947,1,0,1,Graduate
37,0,19.694123223352875,18.332704716824146,0.6229818558678213,1,1,1,Enrolled
28,1,12.581334327011275,8.619704410265925,5.191528985500984,1,0,1,Enrolled
40,0,16.56736664541292,6.377336366422776,0.6735280774892805,1,0,1,Enrolled
24,1,13.251900642246948,11.643974931882276,17.583715452024954,0,1,1,Enrolled
18,0,17.734731256866006,7.423448468752552,4.867933664370609,0,0,1,Dropout
18,1,11.308736607183498,12.021483336004659,11.146743391460161,1,0,1,Enrolled
37,0,19.698210450785446,14.111717252876492,0.7795864132226082,1,0,1,Enrolled
30,0,14.537895413836392,13.768100369842738,13.33694782611316,1,0,1,Graduate
26,1,12.36050463346464,7.491057740402427,6.460546915081878,1,0,1,Enrolled
20,1,10.734967473300127,3.3372040339750564,17.958383739153316,0,0,1,Enrolled
24,0,11.697579050875408,8.61058676924415,17.762363778680715,1,0,1,Graduate
23,1,15.197739485560177,2.8518828816381747,6.505812367234956,1,0,1,Enrolled
25,0,13.370031764312863,17.801940703676166,18.019217913809356,1,0,1,Graduate
26,0,18.288833658826093,6.917549214757148,19.923153469975578,1,0,1,Graduate
22,0,14.308875236618059,3.0891949444664757,16.508313282478962,1,0,1,Enrolled
18,1,12.4871427258763,0.5089551981150175,16.897426955104578,1,0,1,Enrolled
36,0,16.1714498660403,12.916447725729686,4.980174722181799,1,0,1,Enrolled
27,0,17.067772168854457,12.738046349094866,11.534047977155126,0,1,1,Dropout
29,1,11.670419079009498,6.812083331625834,1.345118279347357,0,0,1,Dropout
32,1,11.676192162883176,1.4342377769530201,1.8983587364333943,0,0,1,Dropout
39,1,10.36671426933543,8.192577897904641,19.97785224066581,0,0,1,Graduate
26,1,17.364020150656405,6.224349901267871,6.532784988518219,0,0,1,Dropout
37,0,16.63804527621805,13.542412794700187,14.963678240976927,0,1,0,Dropout
34,0,14.746308757498138,12.115584989053808,16.13330106053633,1,0,1,Graduate
34,0,18.441704489691972,7.2918745639508,17.160465420144583,1,1,1,Enrolled
37,0,18.056701529500533,4.357851085099802,19.95256594804313,0,0,1,Enrolled
29,1,15.853543643967521,19.760719323111836,4.829929705137356,1,0,1,Enrolled
24,0,18.68271280513259,9.080032423922297,0.8070165371939941,0,0,1,Dropout
19,0,12.058412100367683,13.76548471560474,8.22383035989172,1,1,1,Enrolled
20,1,11.11919619397728,2.8110593515672155,2.601613396578939,1,0,1,Enrolled
34,0,12.697496115169896,9.711793993187957,0.4485177832411025,1,0,1,Enrolled
22,0,10.570868560893148,0.5507343973893097,7.208536542829722,1,0,1,Enrolled
34,0,15.31169528001032,10.109102358208998,15.67476502150473,1,0,1,Graduate
34,0,19.366056922949614,19.280348142354047,11.323613824501418,1,1,0,Enrolled
34,0,10.393435406685096,7.6841342597160045,6.255559784207081,0,0,1,Dropout
19,0,11.221099140100268,0.7799202514982317,13.086840109854394,0,0,1,Dropout
19,1,14.521990282834352,0.6191158183868706,4.640363606176214,1,0,1,Enrolled
39,1,19.33875017527905,7.75973519893739,0.2876289214417005,0,0,1,Dropout
40,0,13.161561049767505,3.200498729263881,15.287067728728548,1,1,1,Enrolled
22,0,15.072348086883924,0.46704192656371823,12.474861697280183,0,0,1,Dropout
18,1,10.415728590503921,15.124272279003536,15.2460524900192,1,0,1,Graduate
18,0,11.483432009620888,9.170460177637814,0.7787603337533122,0,1,1,Dropout
36,0,19.86630122958847,5.7848954394530905,16.742392556613044,1,0,1,Enrolled
19,0,19.651186964360456,18.001663660329616,12.390524000726067,0,0,1,Graduate
38,1,10.049399809344097,2.322779204010512,11.267907014252803,1,0,1,Enrolled
29,0,19.51811785423239,19.118376579106386,12.492280962290632,0,0,1,Graduate
23,1,16.391199378155004,6.279334347547056,17.288664937367283,1,0,1,Enrolled
40,0,18.67918294520022,17.768073446173624,11.73873013117814,1,1,1,Graduate
21,1,14.54739855633859,12.05885752958923,11.619007597763586,1,0,0,Dropout
40,1,15.155960285792503,16.53414719482975,19.813583141315316,0,0,1,Graduate
28,0,14.888465802569202,19.680263264209287,15.13460334137136,0,1,1,Enrolled
34,1,16.668642575461043,5.7681087563749145,8.845876109022706,0,0,1,Dropout
23,0,11.396512547563129,19.22270970815186,14.147940000658554,1,0,1,Graduate
22,1,10.29973589872678,7.789637898048407,7.78460943383577,0,0,1,Enrolled
37,0,13.079299415911908,7.710238094738447,4.57750924966998,1,1,1,Dropout
19,0,17.04680762736647,6.807742085090114,11.937037537755188,0,0,1,Enrolled
23,1,12.018534521229483,10.828152146951703,18.56364196227903,0,0,1,Graduate
39,0,16.734324333249173,3.082900863569742,18.582790400309253,0,1,1,Dropout
28,0,19.699120461072702,11.074229707160224,6.838105562109806,0,0,1,Enrolled
33,1,10.939007157894183,10.83409624820008,10.553549324433899,1,0,1,Enrolled
33,0,16.726021182251262,15.2380362520974,4.232717971397224,0,1,0,Dropout
18,0,14.437502193045711,16.67299923875171,19.912622189977668,0,0,1,Graduate
26,1,18.681422543775053,8.808827006248482,19.622358157358715,1,0,1,Graduate
23,1,11.771497894473859,6.0466649870298745,12.990178594148947,1,1,1,Enrolled
33,0,16.926259522261645,5.186697946341889,16.088281193549467,0,0,1,Enrolled
20,0,18.381152896481105,3.8924767340974387,14.302003225674,0,0,0,Dropout
37,1,19.446142194740233,1.1529516439804977,11.863164380789364,1,1,1,Dropout
21,1,16.83248028289646,6.848959576694266,1.066959939777954,1,1,1,Dropout
36,0,14.971747640084274,5.404953842615665,9.09528685105322,1,0,1,Enrolled
20,1,16.17847240201214,19.328347717328146,13.49572604334821,0,0,1,Graduate
36,0,18.68904984478718,11.154176525000878,13.550632277673692,0,0,1,Enrolled
37,0,15.706097466388297,6.945540780610151,7.462452368447671,0,0,1,Dropout
24,0,10.303870596968368,11.60935201987392,18.833839733160612,1,0,0,Enrolled
37,0,19.30948695506978,2.78393402691391,3.34714064473562,1,0,1,Enrolled
26,0,16.895267510315612,8.880874984044059,10.007188924311212,1,0,1,Enrolled
18,1,16.765133857772465,12.524686428421276,13.817679531016456,0,0,1,Graduate
25,1,12.15675152397717,9.777956635849028,13.942716117836184,1,0,1,Enrolled
24,1,16.58885470232657,8.035576013086486,12.97277913537631,0,0,1,Enrolled
35,1,13.938644056541584,19.876967777993965,5.505764269037203,1,0,1,Graduate
25,0,16.512329770414922,17.60629524297854,3.1241313737324394,0,0,1,Enrolled
18,0,11.065930303079908,12.468119163188803,12.718806536534217,0,0,1,Graduate
28,0,16.57845304603036,11.387547223645655,11.986042322788755,1,0,1,Enrolled
35,0,19.994137257706665,12.413209596491681,3.5871202057848195,0,0,1,Enrolled
40,1,10.48212038860556,4.0262421564486655,14.102782911411268,1,0,1,Enrolled
27,0,19.771741842213174,7.902754865286372,9.103439834673129,0,1,1,Dropout
20,0,14.069079607228705,0.7891906578179864,13.355211832063059,1,0,0,Dropout
24,1,18.707534503372592,9.510920749736533,16.747341595403014,1,1,1,Graduate
33,1,17.823854840582733,10.860491679153263,3.3945685715384633,0,0,1,Dropout
33,1,15.670162609866678,4.554994722064192,0.3828973599367336,1,0,1,Enrolled
37,1,17.384492092513266,19.280576943310276,15.582051727915736,0,1,1,Enrolled
34,0,18.78515561301348,18.18909221874484,12.193948503052319,1,0,1,Graduate
19,0,14.041403216510329,14.442864709118117,13.992791392442435,1,0,1,Graduate
18,1,13.270331615632387,10.667732575307252,16.76309949977285,1,0,1,Graduate
33,0,16.675933855635847,17.3993831929537,16.05621869649001,1,0,1,Graduate
29,0,18.078459419412585,2.6130468764692583,19.218402938576492,0,0,0,Dropout
22,0,17.622851347766158,15.8101958854977,10.718701577042363,1,0,1,Graduate
22,1,17.978136488586344,2.496416279336966,9.769912653198107,1,0,1,Enrolled
40,0,14.35583314812933,15.884213250988108,8.037743997814601,0,0,1,Enrolled
26,1,18.178342161750216,5.515351365027139,3.073820856884091,0,1,1,Dropout
26,0,11.202090553706084,17.541811620363777,11.45214465764045,0,0,0,Enrolled
20,0,15.444890979608495,18.880841876507958,5.540250486519575,0,0,1,Enrolled
36,0,10.057586604981216,2.9759193881023127,18.42615024425951,0,1,0,Dropout
33,1,13.245858299002702,9.25351210130787,11.663816085541951,0,0,1,Enrolled
33,0,13.66461534871398,19.619747563253704,11.856803610162203,1,0,0,Enrolled
20,1,13.961726916092553,9.668148719462932,7.0984932175402005,0,0,1,Enrolled
37,1,16.954672066898624,17.270950450290904,1.0397870395541498,1,0,1,Enrolled
39,1,13.885581012703458,11.774630442626396,0.6348753074597724,0,0,1,Dropout
18,0,14.486936226225307,7.506598158392038,8.46670288306395,1,0,1,Enrolled
37,0,12.375441308743275,5.715671110517404,1.691307561944757,1,1,0,Dropout
28,0,13.7325179162934,4.064461821721745,12.136939110802782,1,0,1,Enrolled
34,0,12.272696272631514,15.235963827553945,17.61946011279315,0,0,1,Graduate
25,1,10.731959237684435,7.7308101364605575,17.658296330374444,0,0,1,Graduate
21,1,16.03448593381378,10.225509244015022,13.180908202644648,0,0,0,Dropout
23,1,16.682127985550164,9.846509600023639,4.224636629458621,0,1,1,Dropout
25,0,16.194903460096146,11.545580584662625,17.259936627177442,1,0,1,Graduate
37,1,14.634940438005724,17.311542912491046,17.721868706264164,0,0,1,Graduate
20,0,13.797857801792297,19.61478687166859,3.933071699059174,1,1,1,Enrolled
33,1,18.633336495718254,8.151684171476338,14.748521715413546,1,0,1,Enrolled
20,0,15.19081785136218,16.55037844212606,5.730390978542459,0,0,1,Enrolled
35,0,14.79181877629731,15.290555893094353,16.052806247058594,0,0,1,Graduate
31,1,10.256420658064357,11.470579029111466,19.944757998072053,0,1,1,Enrolled
35,1,13.412478276261563,19.12094287223866,0.6005201065878563,1,0,1,Enrolled
19,1,13.80195618785857,4.009490310568056,17.947317315818637,0,1,1,Dropout
39,1,13.988227808969004,2.1852842061924282,12.452610671973162,1,0,1,Enrolled
20,0,15.801723692273324,17.079239339108444,19.467652383296425,0,0,1,Graduate
33,1,15.336025467268785,8.782996332674966,9.300190350528553,1,1,0,Dropout
26,1,16.079050927934446,16.93937708414121,16.947758611427474,0,0,1,Graduate
21,1,17.648832615421284,17.861804103908298,1.2478813719655446,0,0,1,Enrolled
18,0,18.129857387160936,1.2491518723814288,6.705581001565914,1,0,1,Enrolled
21,0,17.181230762264946,17.669295259721213,1.3403307550241994,0,0,1,Enrolled
18,1,19.555236959549347,8.966381107388443,19.50686266958141,0,0,1,Graduate
31,0,10.182325826763616,10.208649780084645,16.339478145436736,0,0,1,Graduate
38,1,11.957779856835462,12.531850221864204,17.05094842491941,0,0,1,Graduate
33,0,10.075628749781421,18.527652134601734,18.759304628677885,0,0,1,Graduate
37,0,16.47474714154603,0.3823218885952806,1.702069722395707,0,0,1,Dropout
25,0,18.98030548949987,9.536869366356342,7.711951850266667,0,0,1,Enrolled
24,0,12.434822965762994,13.754440848611214,1.4206977808800425,1,0,1,Enrolled
20,1,19.270345447963066,14.454139153964569,4.215862031000572,1,1,0,Dropout
34,1,10.602673902895608,13.85064863074216,4.587315540753448,0,0,1,Enrolled
18,1,19.34436026805514,2.688702588162437,9.382144220951574,0,0,1,Dropout
33,0,13.516226872396345,5.987911767433625,5.371243349072852,0,1,1,Dropout
29,1,11.014208284492165,7.17431050834027,2.019562136355222,1,0,0,Dropout
36,1,14.858717591863257,16.0887441535901,3.349821781882154,1,1,0,Dropout
39,1,12.56776567720508,5.5751974482910605,2.9455112710418185,0,0,1,Dropout
40,0,12.848729019619228,4.214099277344063,19.461535958245967,1,0,1,Enrolled
39,0,13.072899649262865,19.148960380761924,15.185850138369473,0,0,1,Graduate
31,0,18.030258978326636,0.177265702269378,19.35522930539124,0,0,1,Enrolled
23,1,15.391612766752544,19.956417113639564,8.794809730158171,0,0,1,Graduate
23,1,13.113076991560035,13.536425977147912,5.567369633253132,0,0,1,Enrolled
30,1,16.103337833109183,16.56938598898234,15.965863944183734,1,0,1,Graduate
36,0,17.161506742231936,5.892387926923863,6.525078360822936,1,0,1,Enrolled
39,0,12.726240007335338,0.28630555334119956,5.987667474106965,0,0,1,Dropout
25,1,14.135491015253514,14.757390371230601,4.650119844156624,1,0,1,Enrolled
19,0,11.218860933369475,16.682891940013516,2.593579564484707,1,0,1,Enrolled
38,0,11.811493495346802,14.809522639070384,5.129261220335319,0,0,1,Enrolled
18,0,16.811178539649827,2.857005746016772,7.106394969477754,1,1,1,Dropout
32,0,11.81438347695627,15.06855844513938,13.479884162914608,0,0,1,Graduate
18,1,15.251633836670601,15.378455642152819,1.2512968443890315,0,1,1,Dropout
22,0,17.090462617224325,13.170810313401098,4.210138793306859,0,0,1,Enrolled
33,0,11.068769230947439,15.322318655911724,16.180472805833528,0,0,1,Graduate
36,0,15.673122196289036,16.918428793554643,2.9384384716754153,1,0,1,Enrolled
21,0,12.565627837013638,12.272082284749168,6.852902930450431,0,0,1,Enrolled
20,1,19.6292687523758,1.7720942793935812,17.2931784371628,1,0,1,Enrolled
34,1,14.835456467199247,9.752556193344217,3.098506222868853,0,0,1,Dropout
34,0,18.059925497751582,1.5529866934321013,1.654736712363798,0,0,1,Dropout
29,0,15.502265421562617,8.150860620648617,9.690759901600217,1,0,1,Enrolled
31,0,10.434125328548191,8.142129782512553,6.048390225570728,0,0,1,Dropout
38,0,16.33151375594022,1.3201968828048316,11.268167289677082,1,0,1,Enrolled
23,0,19.514033422066568,6.976410679389586,16.076097809669502,1,0,1,Enrolled
20,0,16.016118201463314,2.2199619758262967,2.7429697630548633,0,1,1,Dropout
26,1,18.1918885942679,16.164704200184442,11.6139816910857,0,0,1,Graduate
22,0,18.84206463348408,18.953760519289414,10.110175207797278,0,0,1,Graduate
34,1,12.280797719489325,1.4463295051587721,2.8815757202639913,0,0,1,Dropout
31,1,12.120448399082267,19.10230414583403,12.479969710579649,0,0,1,Graduate
38,0,16.10980988850992,10.451531986734903,5.472808357215433,0,0,1,Enrolled
20,1,14.110284698067048,5.9913135590774775,9.75668637088025,1,0,1,Enrolled
18,1,18.398613028667203,1.5372415055232702,1.6454464855412376,1,0,1,Enrolled
37,1,19.00023123398011,10.012485361408356,9.191681144272462,0,0,1,Enrolled
38,1,13.534213793027181,15.890310889814973,6.129269360856407,1,1,1,Enrolled
40,1,12.36870558974482,14.141729545333963,16.447624223707088,1,1,1,Graduate
18,1,17.80525515243862,1.0045202292794753,1.1395745399473656,0,0,1,Dropout
20,0,12.74806035548136,1.4580367073580702,8.3721454983666,0,0,1,Dropout
35,1,18.226143185136785,8.057465652652741,9.16862848262876,1,0,1,Enrolled
27,1,14.237382536487628,5.9058098809588655,14.500121525982374,0,0,1,Enrolled
39,1,16.675498992914704,4.647686461120957,11.48575150180422,1,0,1,Enrolled
20,0,10.955353138346682,5.620089978174272,13.344246743883621,0,0,1,Enrolled
25,1,16.23859324676573,16.069654865937693,15.540985713035123,1,1,1,Graduate
31,0,14.517676787372292,18.58456107263708,17.244059473163777,1,0,1,Graduate
35,1,15.866084631754742,8.102053890551328,6.2775099344494105,1,0,1,Enrolled
32,0,11.680142077448634,18.122220042649943,10.76045410727806,1,0,1,Graduate
39,0,17.36873744944182,6.42991402495764,16.802161568783998,0,0,1,Enrolled
40,1,18.627970775432285,9.528739726875832,19.78902261930113,0,0,1,Graduate
19,1,12.167398000907756,4.520579956319994,17.790386220875263,1,1,1,Enrolled
27,0,10.957145555201617,12.809520843516879,7.429345252487536,1,0,0,Dropout
19,1,10.236385860463365,19.57962230349618,3.9033303443730083,0,0,1,Enrolled
34,0,16.41971500443266,12.069861920867574,9.787850748131774,0,0,1,Enrolled
25,0,16.070940360887807,7.156281682270977,14.832829036720845,1,0,1,Enrolled
18,0,15.4669741271407,12.956348919810567,9.851381415065951,1,0,1,Enrolled
26,0,12.319470961159755,2.4584135693077513,9.66361726627337,1,0,1,Enrolled
28,0,13.909059959055146,17.773181605307972,16.764608421636012,1,0,1,Graduate
39,1,15.94476335186173,10.061679015596727,7.228075581343727,1,1,1,Enrolled
33,0,14.967668588591694,8.98699484079284,17.195893496232912,0,0,1,Graduate
24,0,19.877855202148872,11.717295769070384,8.136096019034472,1,0,1,Enrolled
27,1,11.36439752556733,12.495677255788049,6.564662113566788,0,0,1,Enrolled
40,0,16.951445540475937,1.4355161245302606,9.07979822399398,0,0,1,Dropout
20,1,14.043187681042921,13.652344424468048,15.24893917349737,0,0,1,Graduate
35,1,14.281996149256148,4.838633606310592,2.5200405572798856,1,0,1,Enrolled
30,1,17.175977656581765,14.279052650131796,3.9283843174403477,0,0,0,Dropout
24,0,16.924361513243696,16.450695887683935,19.028896513261838,0,0,1,Graduate
21,0,19.912559937021882,16.079170151050405,3.5098325476271475,0,0,1,Enrolled
30,0,11.283942894541251,11.050019348157782,11.354546358621091,0,1,1,Dropout
37,1,11.041096493841664,10.403397846215023,11.586289333238756,1,0,1,Enrolled
18,0,17.24338817128741,2.8575192267882343,9.792489241004896,1,0,1,Enrolled
25,1,15.78386917006409,15.506923008062712,12.894904971536372,0,0,1,Graduate
31,0,12.74160666559806,5.428187608934287,4.596534515952369,0,1,0,Dropout
33,1,10.794193689889866,9.933908456358932,11.053245355534964,1,0,1,Enrolled
31,0,10.856582495964306,5.685481858550334,7.4434651049379426,1,0,1,Enrolled
29,0,18.941908746641182,2.676567259993863,13.23334519258378,1,0,1,Enrolled
36,0,11.91867324718743,12.591153937834731,2.8244708674629893,0,0,1,Enrolled
40,1,13.233715621155207,1.0866406964580766,11.417548336789524,1,0,1,Enrolled
32,1,12.266564022269879,14.972904682524,3.705407107666474,0,0,1,Enrolled
19,0,13.549963058319374,6.351735905222333,5.572861262300728,0,0,1,Dropout
19,0,10.694238427460935,0.0026938600897064013,4.3741960064716645,1,0,1,Enrolled
40,1,15.190597909082705,10.222582784744596,3.656755597376342,0,0,1,Dropout
39,1,10.67612563592215,0.9370381705520625,16.51421903121334,1,0,1,Enrolled
36,1,18.003565078223616,5.52339115641799,5.714151353217806,0,0,0,Dropout
39,0,12.33712081910433,14.139529749114324,18.542475637288987,1,0,1,Graduate
39,1,15.400119146045107,1.2537924324373173,19.398530506903818,0,1,1,Dropout
34,0,18.80079087561458,16.78676984712005,11.425209398741947,0,1,1,Enrolled
37,1,16.50877369047194,0.07639845317166216,2.860022453314528,1,1,1,Dropout
27,0,15.329577865513354,4.936477384038045,7.490964867591625,1,0,1,Enrolled
23,1,13.243337531153756,14.818081123041429,15.954645266964281,1,0,1,Graduate
32,1,13.330019130581979,6.325402994586136,7.34781457394141,1,0,1,Enrolled
39,1,16.694869551981903,2.0378477613202706,1.740344366055775,0,0,1,Dropout
28,1,19.941393612211677,7.204678376008557,11.135698218563759,1,0,1,Enrolled
22,1,16.618391898493787,5.407865727690511,16.902417029920695,1,0,1,Enrolled
18,0,15.57783417370025,16.854238043211097,15.918527742870047,0,0,1,Graduate
25,1,17.30650510239246,6.266958351702863,3.5024628026070648,1,0,1,Enrolled
38,1,14.65205612283718,15.778649435520144,13.455292288249334,1,0,0,Enrolled
29,1,10.601423426007852,17.837442896214696,4.410085268712942,0,1,1,Dropout
29,0,15.622968158779099,8.67634839153059,4.364150691043445,1,0,0,Dropout
22,1,19.5762528450538,18.19886287708784,17.481435466103704,1,0,1,Graduate
24,0,11.753029423576596,7.546361079263857,4.993379054804603,1,1,1,Dropout
21,1,16.900048908206657,19.281568329802163,5.264946930360224,1,0,1,Enrolled
23,1,12.009336886590564,1.7857904905114586,0.013067815225991097,1,0,1,Enrolled
30,0,15.358276844730813,13.740385330064855,17.413380682510354,1,0,1,Graduate
37,1,10.966764496467196,9.876280809138574,15.851896264182695,0,0,1,Graduate
32,0,14.503709362581851,7.752976109112941,12.54657870181356,1,1,1,Enrolled
20,0,17.56163328895246,12.654237574972019,15.005315278776845,0,0,1,Graduate
40,1,13.475715242389821,14.077141832686625,3.040971348489836,0,0,1,Enrolled
25,0,16.64911724487218,0.08726539300618175,9.16647189175151,0,0,1,Dropout
37,1,17.95449960789729,3.3390617749439744,7.024387746975618,0,0,0,Dropout
33,1,19.27177819479453,14.260921012686374,1.8755305251403298,1,1,0,Dropout
30,0,12.346420818554535,13.327708271564129,9.722609704298481,1,0,1,Enrolled
35,0,13.993159158093082,19.320950102573544,18.414793006852708,1,0,1,Graduate
27,0,11.524160133304175,15.22075580501566,0.8011823810138896,0,0,1,Enrolled
36,0,19.924835021583753,19.01545415462676,5.829218269875877,1,0,1,Enrolled
34,1,19.270009679242953,14.05081003069614,4.150818724114069,1,1,1,Enrolled
36,1,15.399571302805596,5.9610441727888634,4.762933073313926,1,0,1,Enrolled
40,0,18.420332943764212,2.1072984450171295,18.168691037587507,0,0,1,Enrolled
22,1,15.20957977272042,15.636477266898712,9.361381084685803,0,0,1,Enrolled
38,1,16.235856880027598,12.882984429518318,9.325988258796375,1,0,1,Enrolled
40,1,10.891244321160165,0.9637202478659246,15.211512849105645,0,0,1,Enrolled
26,1,17.55270420496808,7.201009318019567,3.089844080098516,0,1,1,Dropout
29,0,11.277134836352348,19.135996309685723,9.745307082001016,1,0,1,Graduate
38,0,18.260676302525283,10.008022914204025,8.599704282421195,0,1,1,Dropout
18,1,17.82028087670386,8.654582720394092,11.938213810933123,0,0,1,Enrolled
18,0,17.087446977429764,9.15399210318588,19.99115406500877,1,0,1,Graduate
32,0,10.361603805247622,4.177654480103275,15.388977881640942,0,0,1,Enrolled
19,0,13.031283559453286,7.374143417295905,7.957314060348544,0,0,1,Enrolled
39,1,12.631125699108429,7.396265119743532,16.55106104548094,0,1,0,Dropout
33,1,13.60136407471519,1.047100403749448,3.4141672662496036,0,0,0,Dropout
25,1,10.876427467638386,15.351352570358365,0.6092737261792025,0,0,1,Enrolled
30,0,19.36957823031063,8.33008863807758,4.088967449285461,0,0,0,Dropout
38,1,15.538022407123762,16.443597736328467,6.808231122285193,0,0,1,Enrolled
18,1,13.055243106580235,17.00696002239791,10.211615149191198,0,0,1,Graduate
33,0,13.969815170742834,4.239881093973161,12.302582810823996,1,0,1,Enrolled
24,1,14.472025405048356,13.14706964340257,18.212114344288434,1,0,1,Graduate
22,1,16.005943333606172,9.445636083259634,10.197080191009153,1,0,1,Enrolled
39,0,15.156794276964977,17.6031347584297,10.025512892514588,1,0,1,Graduate
40,0,19.193919732144174,4.314813583529082,1.0048601964596426,0,0,1,Dropout
20,0,14.969634829058302,13.556264006200884,0.6982310531244762,1,0,1,Enrolled
29,1,19.921580148233126,12.155042445054452,11.023199238327441,1,0,1,Enrolled
33,1,18.514249577450958,5.906029551436656,8.76357226496689,0,1,1,Dropout
36,1,12.085105143573358,2.7320180730234522,16.783607899605972,0,0,1,Enrolled
22,0,19.30595214643916,13.032795209545531,3.2135916942369036,0,0,1,Enrolled
39,0,11.16366397885476,14.771949162646614,0.49943324234099196,0,0,0,Dropout
31,1,18.174497084911916,6.3125468752669995,8.980775358602518,0,0,1,Enrolled
22,1,13.8062329347658,12.896652080446277,4.74957113504515,1,0,0,Dropout
32,0,18.779743204450696,7.902618152230065,0.992287466776749,0,0,1,Dropout
34,0,18.680566901074503,14.264137665652354,14.49196573695258,1,0,0,Enrolled
31,0,18.059254001176214,3.984305497881062,2.2318599991449495,1,0,1,Enrolled
37,0,17.900304363070614,17.804300052723487,12.166390000155435,0,0,1,Graduate
22,1,13.046791390980408,5.748191929311595,5.620995003337783,1,1,1,Dropout
29,0,10.809192830512522,7.355719755123058,3.4699210071004405,1,1,1,Dropout
33,1,14.029801787651614,1.1618390416069957,7.595030458386349,0,0,1,Dropout
33,1,11.735245149865086,2.230244246425528,16.028915524459073,1,0,1,Enrolled
38,1,16.949510889024616,10.317238054246562,7.841871538091453,1,1,1,Enrolled
24,0,13.460997265377856,5.35185353455943,15.015392984221114,1,0,1,Enrolled
21,0,19.75610200859915,16.70960451484389,2.5097259359830137,0,1,1,Dropout
18,0,16.40972077345332,0.29386777309907686,15.455428393301583,0,0,1,Enrolled
22,0,18.22480563634361,7.581880973438723,4.738666498132973,0,1,1,Dropout
40,1,11.325246727418484,6.7469109353818535,13.547862597777456,1,0,0,Dropout
27,0,18.620144822726225,0.3865526183520207,11.315631096819928,0,1,1,Dropout
39,0,19.227571905133942,2.4873679800102044,18.582894344233747,1,0,1,Enrolled
22,1,14.870619188189359,8.272853498372704,7.74645035950628,0,0,1,Enrolled
21,0,16.062529377509776,9.857291688948933,1.323303776688809,1,1,1,Dropout
19,1,17.648098009029955,8.085794945097382,0.3831097110250581,0,0,1,Dropout
37,1,11.748386272604126,10.618753568241877,16.53717121945506,0,0,1,Graduate
27,1,15.025660764634424,11.90263349811363,10.494712753228644,1,0,1,Enrolled
36,1,13.986630277723131,0.1984764225567126,15.504881036698986,0,0,1,Enrolled
18,1,11.46373992162249,9.281903189070078,4.688512000230293,1,1,1,Dropout
22,1,13.675344222915314,19.269984817751766,6.901674910264674,0,0,1,Graduate
30,1,10.681723093854936,10.380645602590974,0.6020774442263788,0,0,1,Dropout
21,1,10.25811906949487,13.550845349179063,19.229846491482242,1,0,1,Graduate
33,0,11.351662891548228,6.237277158337664,13.357358134016268,1,0,1,Enrolled
33,0,19.63115111589174,15.47982756305525,18.664101755186124,1,0,1,Graduate
40,0,15.49529535895017,15.458429637522302,5.309928148581447,0,0,0,Dropout
19,0,19.6582216115322,10.425920953082779,12.229272224513217,1,0,1,Enrolled
34,1,14.324978783301319,19.52027646558427,13.569999365852755,0,1,1,Enrolled
37,0,13.118161330852596,2.5110042952530676,6.350994005151769,1,0,1,Enrolled
29,1,15.061418628402441,0.33895329779161987,16.9621847003126,1,0,1,Enrolled
35,0,14.395116886329102,15.403164235141919,18.943229258004955,1,1,0,Enrolled
20,0,11.05664684261744,16.14311074729765,17.697102353920087,1,0,1,Graduate
18,0,16.408263146902062,2.404144582411525,14.781339518787451,1,1,1,Enrolled
18,1,12.160381825095996,5.3116566591721215,5.549293594499081,1,0,1,Enrolled
36,0,16.195879548978297,0.3510472673325782,5.632320842112635,0,1,1,Dropout
28,1,16.502010923981533,5.866172215611294,19.267206408920757,1,0,0,Enrolled
22,1,11.52024853128648,15.46283747837343,0.20568991871384057,0,1,1,Dropout
29,0,10.613496271106682,10.359210554251579,14.32099946484289,1,0,1,Enrolled
20,0,17.8076158606844,6.961911863365762,14.124923251105244,1,0,1,Enrolled
18,0,14.598004237693202,7.434785898126606,12.453790818995948,1,0,1,Enrolled
18,1,10.581637955054758,0.027072514309363083,19.802176921737317,0,0,1,Enrolled
25,0,19.94866317169767,5.9960105513047175,6.237588715274505,0,0,1,Dropout
27,1,10.577805609963667,12.92917483275861,6.799437275864964,1,0,1,Enrolled
28,1,16.95035228858553,19.483888876327143,1.578788058931111,0,0,1,Enrolled
29,0,19.836789252634134,16.94121653967799,8.855962730874749,1,0,1,Graduate
30,0,12.391801042159257,0.4718992929105825,5.220970524696962,1,0,1,Enrolled
29,1,11.422493686871961,17.97121209349679,6.867734043552884,0,0,1,Enrolled
31,1,11.213849394224289,15.66396826597252,16.691435805112555,0,0,1,Graduate
19,1,13.032751475675955,15.607522471419609,18.709690270549913,0,0,1,Graduate
36,0,11.010458110106466,9.15991518007143,3.7146614401037126,0,0,1,Dropout
35,1,16.92161341694132,7.960105859090056,7.450178631069317,1,0,1,Enrolled
20,0,10.622917981300628,6.058314576663852,18.572611242307882,0,0,1,Enrolled
40,1,15.094221281497898,1.3138971790873155,1.2361692137844527,0,0,1,Dropout
34,1,19.96696853852977,4.564707269873982,1.8472105622275703,1,1,1,Dropout
25,0,18.139702695060187,4.932072699560493,3.2558197841245873,0,0,1,Dropout
27,1,16.152194382310107,9.681541394204032,11.904256682537495,0,0,1,Enrolled
19,0,13.062536207866117,14.948888131933879,3.0094454201199494,0,0,1,Enrolled
36,0,16.238958362916385,9.476196567958933,19.36152762901467,0,0,1,Graduate
26,1,15.270414639116517,1.1568889889432121,8.934290545170407,1,0,1,Enrolled
24,0,14.260833838903714,19.15579601976408,10.030359207003327,1,0,1,Graduate
21,0,11.307103767401994,18.854486381882246,4.93317231610813,0,0,1,Enrolled
38,1,18.866042152404667,15.703790862968168,9.41920504869467,0,0,1,Graduate
35,0,14.497846488213225,19.82655803128441,13.23827265274023,1,0,1,Graduate
30,0,11.94622511820765,10.889646656005258,15.023542739080856,0,0,1,Graduate
28,0,13.677593508772896,19.255367005064123,15.07736165419826,0,0,1,Graduate
21,1,14.141297525289271,1.5121008123350155,11.557822253881767,0,0,1,Dropout
38,0,18.275378955668742,7.313614965227426,18.087195499877144,0,1,1,Enrolled
21,1,17.33614380561402,4.507625360135316,16.348156946122188,0,0,0,Dropout
27,1,17.693048936413398,3.9166616826854006,15.140962293972509,0,0,1,Enrolled
22,0,10.110312644286472,2.8160589778535217,1.1121104336092125,0,1,1,Dropout
26,0,14.161539981797615,12.448272831319933,0.13755924439298628,0,0,1,Dropout
20,0,14.813441516353237,15.626437114946102,4.248945543909459,0,0,1,Enrolled
34,1,10.191922768230567,11.565967988407213,13.270471878269046,1,0,1,Enrolled
20,0,12.598132087450342,2.9392541917641934,8.223949777650915,1,1,1,Dropout
33,0,17.60289823122135,16.222475398669417,8.048125185986235,1,0,1,Enrolled
21,0,11.37109705728999,12.71909414327457,17.691737764592276,0,0,0,Enrolled
35,0,15.353101314525917,7.76331412253991,17.911256962636774,0,0,1,Graduate
34,0,12.152018720172375,13.48260591072126,18.183505281071714,1,1,1,Graduate
24,1,10.121207746438932,5.1980995848566565,6.277561530300546,0,0,1,Dropout
40,1,12.412014575995414,6.90384416988421,13.821116254785235,1,0,0,Dropout
22,0,19.758737549100537,18.349716862639806,5.432663625487393,0,1,1,Dropout
29,0,18.015371118829897,5.810090113428408,3.8121966614889957,1,0,1,Enrolled
34,0,19.595766443210334,9.399765363158732,3.6926491469473843,1,0,1,Enrolled
40,0,14.878540439263624,17.802822747920292,6.842152417271881,1,0,1,Enrolled
30,1,11.097361986775034,14.154427005350549,8.599152395596434,0,0,1,Enrolled
40,0,15.47959488973693,1.244064523294055,16.61898342110137,1,1,1,Enrolled
20,1,14.54377334559961,2.946060885579407,2.397821869454242,0,0,1,Dropout
26,1,18.443570827396158,0.15683181543833635,14.698516947897884,0,1,1,Dropout
34,0,10.980825807842447,12.618435804583267,10.629098283786107,0,0,1,Enrolled
34,1,14.882411370217781,8.953468508208367,5.75890685351985,0,0,1,Dropout
37,1,11.500486646939843,2.6854970180455107,9.856391690656492,0,1,1,Dropout
33,1,13.2467592689006,19.15868242113541,5.9988413955404525,0,0,1,Graduate
39,1,17.373570773877997,10.593194478912398,11.92163910476612,0,0,1,Enrolled
30,0,14.760181293687666,4.837865882257784,8.676878457104884,1,0,0,Dropout
36,0,13.758882851457694,10.01207142309415,3.2881105815775746,1,1,1,Dropout
34,1,13.944762785700354,13.592406654702156,2.3316614911139344,1,0,1,Enrolled
21,0,14.594467684059866,1.5247843594712895,10.933913641442603,0,0,1,Dropout
29,0,17.850165438370567,5.49407630095784,18.04826066572207,0,0,1,Enrolled
26,0,18.920846889402345,16.139309817679873,6.8791537311537105,0,0,0,Dropout
36,0,19.55334686503928,9.193297408053224,14.660002144452465,0,0,1,Enrolled
29,0,17.86903386255295,10.931542840645898,13.173227098795339,1,0,1,Enrolled
26,1,13.154068957480128,8.656320044189385,18.63109828618962,0,0,1,Graduate
24,0,16.881347060865423,0.8779988528601024,16.419620345982818,1,0,1,Enrolled
31,0,14.37603124055392,3.3149955964031186,11.33210517810926,0,0,1,Dropout
37,0,12.54670622046051,8.910832774837818,13.140609964682145,1,1,1,Enrolled
36,0,18.408715794259226,4.183709308158557,17.967729331680697,0,0,1,Enrolled
32,1,10.38426348962325,0.9995805731935747,7.990375691738696,1,1,1,Dropout
33,1,19.017619921354235,16.872993281036475,6.535894117155547,0,0,1,Enrolled
38,1,14.61477464624734,19.623850583282316,0.21622167270392678,1,0,1,Enrolled
22,1,16.372014768082806,15.862857479934789,16.531021483829285,0,1,1,Enrolled
20,0,16.593539222057828,17.07569843409334,16.019614008067297,1,0,1,Graduate
29,1,18.951177407065366,4.839542606340908,2.0890903620030277,1,0,1,Enrolled
37,0,16.366696821672072,19.212539510263994,11.537147622654004,0,1,1,Enrolled
38,0,16.13933584760062,3.9385140890685677,9.279633963337748,1,0,1,Enrolled
21,0,10.6665204056069,19.028596207236646,2.3741819101822292,0,0,1,Enrolled
38,0,15.18408021945204,19.89638587931902,19.61136454121447,0,0,1,Graduate
40,0,11.501690008170417,14.234456114920974,4.293917749267109,0,0,1,Enrolled
33,1,17.374337687214854,19.62287463583644,1.344683601811223,1,0,1,Enrolled
24,1,15.122219208126744,11.390795591342073,11.896947590038192,1,0,1,Enrolled
30,1,16.802277792083533,5.190835663521806,14.777333542660653,0,0,1,Enrolled
38,1,10.416729006023843,8.739917713312417,0.6488689209437393,0,0,1,Dropout
27,0,10.847920160458033,11.87121870757572,13.174352774540443,1,0,1,Graduate
24,1,17.163233880626823,1.4616312405402998,10.645837519029088,1,0,1,Enrolled
31,0,10.720843359986734,12.446865292344922,2.0653001775009683,1,0,0,Dropout
22,1,10.712567277652585,19.62355673524589,3.4504775389272413,0,0,1,Enrolled
20,0,10.121084752348875,3.8021529956745526,11.35948594632161,0,0,1,Enrolled
40,0,19.5650139829948,15.851902325767666,5.9271522702657675,0,0,1,Enrolled
28,1,17.37508359459007,18.15797587559239,18.76631457302632,0,0,1,Graduate
28,0,13.532514085020642,18.874031856404414,16.374804589681016,0,0,1,Graduate
35,0,12.965355812876552,19.202712088108946,19.671344130273262,1,1,1,Graduate
32,1,13.497032297458496,10.429192774429438,5.193416779008279,0,0,1,Enrolled
29,0,17.74653531181182,19.546158159830075,19.39447265595954,1,0,1,Graduate
26,1,16.613706110704143,15.146204142688777,8.624677395831156,1,0,1,Enrolled
27,1,11.85195567867468,3.233428724739238,6.9503759062750925,0,0,1,Dropout
29,1,11.741093353340844,9.5380021293594,1.0069905393870648,1,1,1,Dropout
34,0,10.983956497133974,14.36662350744008,1.0553051571920524,0,1,1,Dropout
23,0,16.603027197013382,4.946806316381666,13.840225118933095,1,0,1,Enrolled
24,0,17.643726622217358,12.812303670977748,9.158579888680558,0,0,1,Enrolled
31,1,12.65046428325004,13.332009580932384,4.530432520722114,0,1,1,Dropout
30,0,10.209449610309129,3.2539948761713178,12.279406126504654,1,1,1,Enrolled
25,1,10.821716674764273,11.301706249055126,5.057162365002224,0,0,1,Enrolled
27,1,19.678600348450303,15.432538219572153,11.552635086888452,1,0,1,Graduate
26,0,12.954447774774202,9.977913290718838,7.184174939653807,0,0,1,Enrolled
35,1,17.692231478381338,0.2420623355221485,16.47104453223638,0,1,1,Dropout
19,0,16.24663568854264,0.18076938158584355,16.413923215335586,0,0,1,Enrolled
22,0,13.819396396528958,7.140586879400244,9.547007962448026,1,0,0,Dropout
22,0,12.056872621955552,18.52388136863564,7.016382186700312,1,0,1,Graduate
23,0,11.213864181594065,4.573535592072176,7.251195931181891,0,0,1,Dropout
36,0,16.150129680388666,12.687273777433743,16.11429051336436,1,0,1,Graduate
25,1,17.74633780637788,4.4415174138664115,6.56358965595224,0,1,1,Dropout
33,1,16.439042535411307,6.433399793190972,4.18118747413692,1,0,0,Dropout
30,1,15.303021332491582,16.96084179202968,1.6937668375061365,1,0,1,Enrolled
18,0,10.419512234316363,14.577228845398938,9.333862417688168,0,0,1,Enrolled
39,0,19.68488777594384,1.9079855462642126,9.642641978396838,0,0,1,Dropout
37,0,17.987141916545745,8.574040419728671,16.818174208058142,0,0,1,Graduate
34,1,12.928220367009647,0.5833952729052894,4.4247739289212795,0,0,0,Dropout
24,0,19.799703293588507,9.61780293206018,7.619825473367998,0,0,0,Dropout
30,1,16.018815896363222,13.24868023402136,16.168114777873818,1,0,1,Graduate
21,1,15.824226582072464,2.370052471963031,16.47247221497947,1,0,1,Enrolled
21,0,17.480731794295323,5.777698778183313,7.692221519575364,0,0,1,Dropout
23,0,18.117697880901375,7.956732510043139,9.182480465733619,0,1,1,Dropout
36,1,16.564786073315027,18.390620493120995,6.065717816985659,0,1,1,Dropout
29,0,11.280957463662,19.86510030845928,18.65109756838624,1,0,1,Graduate
39,1,13.382675059944983,0.8982259799123171,2.372875314831606,0,0,1,Dropout
24,0,19.280836403260498,15.22015846990784,18.6749884600294,0,1,1,Enrolled
27,0,12.24615611843852,7.434481328046864,13.677329036706865,1,0,1,Enrolled
36,1,13.721670238375133,7.849163724589601,10.631443053734625,1,1,1,Enrolled
24,0,14.32076882944196,15.085299466940453,0.6531812156899175,1,1,1,Enrolled
20,1,14.394049896944523,18.368528642908174,9.511923836440166,1,0,1,Graduate
30,0,16.129395824945256,19.018571890050968,8.154962100054647,0,0,1,Graduate
30,1,19.430758377447077,11.542451720766415,3.224376239502451,1,1,1,Dropout
35,1,12.40692711832505,7.142423186010056,13.128192070013139,1,0,0,Dropout
37,0,11.21501376300918,15.750981717175584,19.423018147365717,0,0,1,Graduate
25,1,11.974704898599374,5.020027665246005,11.243776221290503,0,0,1,Enrolled
26,0,18.869249002092694,11.281480576670354,14.295065528878917,0,0,1,Graduate
24,0,16.458108126552062,7.171569230497463,1.3690090513203357,1,0,1,Enrolled
18,0,12.8590678923916,13.132621474157522,8.353339916339895,0,0,0,Dropout
20,1,18.159469389686173,4.807978257870138,2.3271697032899175,1,1,1,Dropout
30,1,18.61369996363436,3.8318589146965154,12.255916710730208,1,0,0,Dropout
34,0,18.46514338690278,18.364781733508742,18.769643164283092,1,0,1,Graduate
18,0,19.189265336395543,2.036073658990738,13.235554649432771,0,0,1,Enrolled
23,1,12.522410201733615,10.119158154698633,1.5360609662884306,1,0,1,Enrolled
38,0,17.550419287462784,4.417055659260178,7.093324099701657,0,0,1,Dropout
23,0,14.6053949727414,0.778599266513349,11.01326758881703,0,1,1,Dropout
29,1,18.419985528900614,0.7203763658285278,8.064155122665044,0,1,1,Dropout
30,0,17.284906771616132,3.504435442116547,16.672880209503447,1,0,1,Enrolled
30,1,17.764474464997246,17.335407090120004,16.293420094199785,1,0,0,Enrolled
32,0,16.561618376810713,5.649574879540533,12.236620402064428,1,0,1,Enrolled
38,1,11.774287694697069,19.009183411505916,7.4691589026541045,0,0,1,Graduate
33,0,15.450269188969383,11.632445859783871,5.106727475264883,1,0,1,Enrolled
39,0,19.84669739524508,8.732283795375322,2.1174863642625863,1,0,1,Enrolled
38,1,19.37388066497119,11.601776693389091,7.097953669731081,1,1,1,Enrolled
28,0,10.431737357970118,10.333967704525355,8.263450344154391,1,0,1,Enrolled
22,1,11.648148157294372,15.175525075146503,13.516458502081472,1,0,1,Graduate
21,0,11.31728773454562,5.649921319457045,13.16319648595147,0,0,1,Enrolled
20,1,17.259799099852955,7.061007832006048,1.402162792825139,0,0,1,Dropout
36,1,18.177853298569453,17.881886050665013,7.905186308623156,0,0,1,Graduate
37,1,12.135113663106718,18.92913026300811,3.6355773443472383,0,0,1,Enrolled
35,1,15.05852692951829,17.85116454972949,3.136254106336114,1,0,1,Enrolled
32,0,18.407030280112,8.388959879146272,16.54604299474492,0,0,1,Enrolled
26,0,17.328015447662505,15.607310060137634,0.8383043343251506,1,0,1,Enrolled
34,1,15.422372054918483,9.526714666021975,8.383657518042426,0,0,0,Dropout
31,1,15.903476904587729,9.950797042922044,3.364073115330364,0,0,1,Dropout
32,1,15.0836054691628,4.093602181145679,17.58660431356948,0,0,1,Enrolled
18,0,12.975484513188206,11.82260606517033,11.140810265500702,1,1,1,Enrolled
38,0,15.650219928590161,3.7227179550669587,4.6276127275369605,1,0,1,Enrolled
39,0,16.888853020500907,6.631293981343875,10.048545743327528,0,0,1,Enrolled
39,0,18.733229158608076,17.100604032398703,14.629727194062315,1,0,1,Graduate
20,1,16.36291353979248,4.141516184217105,19.162360178388674,0,0,0,Dropout
33,1,17.61121537043158,1.4231657034686562,4.408920084908379,0,0,1,Dropout
40,1,11.60071634954573,1.380151852256326,17.723635442586904,0,0,1,Enrolled
28,0,14.615574744197898,18.815690410062157,18.686082283349805,1,0,1,Graduate
29,0,10.093316198270934,10.138408759236693,18.328410890641326,0,0,1,Graduate
27,0,12.46678864521623,8.188241436340366,12.708287137238196,0,1,1,Dropout
33,1,17.264617151130047,16.217571620158367,12.596413088694154,0,0,1,Graduate
25,1,19.918099513493637,16.71651855821032,8.064212663676456,1,1,1,Enrolled
23,0,10.991780995872158,6.643820662312092,15.047957646075758,0,0,0,Dropout
29,1,14.014943158612883,13.872361149475905,10.625880367018638,1,0,1,Enrolled
38,0,18.000709686991595,15.422456317037732,13.548761424565889,0,1,1,Enrolled
25,0,12.040356346288988,13.09301373731909,8.56915807697591,1,0,1,Enrolled
21,1,15.550849493022863,3.0319014960019874,14.62992928086278,0,0,1,Enrolled
25,0,17.330712960296747,17.51766167034114,16.48943035209098,0,0,1,Graduate
35,1,16.15985450260179,10.781891054720173,2.9287251320563223,1,0,1,Enrolled
22,0,11.880247346154162,5.649448527400073,16.65859431148456,1,0,1,Enrolled
26,1,13.553845686857393,8.504563708753878,10.805930635806146,0,0,1,Enrolled
21,1,17.837917844853973,0.7514218079781476,16.893318181804485,1,1,1,Enrolled
39,1,15.542265141320167,2.557336024448351,8.626034126820292,0,0,1,Dropout
34,0,10.052296135429128,15.310935010317216,7.5808097076607,0,1,1,Dropout
26,0,17.609907600280938,0.00023269510732282228,18.30121465034445,0,1,1,Dropout
18,1,10.35311354940239,8.331316569645843,5.0233853509680255,1,0,1,Enrolled
38,1,17.457337827312323,10.450203621711768,16.884246505722864,0,0,0,Enrolled
37,0,12.024805601652375,1.092688400019446,9.680411450188082,1,1,1,Dropout
30,0,19.580734801193802,19.461563259446656,10.281908851025195,0,1,1,Enrolled
33,0,13.679407513020845,4.522506624993438,6.169365629789681,1,0,1,Enrolled
30,1,13.269316163380791,6.083974392725617,11.460844012380313,1,0,1,Enrolled
31,0,11.488880503324447,6.078850245100547,6.504223925524226,0,0,1,Dropout
20,0,13.056042154902148,4.608333242346998,0.7853882848330462,1,0,0,Dropout
23,1,18.766507618282006,0.02947644172622832,5.4399721068871205,0,0,1,Dropout
35,0,19.963343376272473,14.586895881759927,0.12758086813181357,0,0,1,Dropout
36,0,13.683095305068484,19.336909995985707,19.567095741137134,0,0,1,Graduate
22,0,14.486106309545425,4.485869665700902,19.31494419639495,0,0,1,Enrolled
32,1,17.220709382027373,13.26094383606845,7.9031059494461005,0,0,1,Enrolled
19,1,18.861957804650743,14.837926539174301,14.56741708679292,1,0,1,Graduate
27,1,15.930443341867841,16.968507581810496,6.9161219682085,0,0,1,Enrolled
35,1,13.915256981778294,8.452583940272183,13.421863141719522,1,0,1,Enrolled
30,1,14.126218408486238,6.058618112808585,16.10860086091958,1,0,1,Enrolled
22,1,16.95618146496807,6.505902680460622,18.935124893844815,0,0,1,Graduate
40,1,10.032182636042787,14.252426661970256,8.00424551699344,1,0,1,Enrolled
18,0,16.195893374598406,16.33558933011272,15.665959659120954,0,1,0,Dropout
39,0,13.554930104413573,3.632279355132053,5.318569012642376,1,0,1,Enrolled
18,1,17.94197331277084,7.418820163155305,19.806646075872965,1,0,1,Graduate
35,0,10.92990639823132,18.038803934983,0.5153919752870229,1,0,1,Enrolled
32,0,15.882022669483906,16.133870393894785,12.070576130022419,0,1,1,Enrolled
34,1,14.809728898861238,19.697168055249517,13.190119633026542,1,0,1,Graduate
28,0,16.423255259052276,15.084965193641615,13.760911141482577,0,0,1,Graduate
38,0,10.648535944829684,7.863904020558445,2.4077515757817802,1,0,1,Enrolled
39,0,15.799837874281312,11.812756679892756,18.770595669462608,1,0,1,Graduate
34,0,15.614845879595237,13.220285084946406,3.623665581001656,1,0,1,Enrolled
30,0,15.606600944161709,1.569116326342479,12.455068064796821,1,0,1,Enrolled
18,1,16.034876665964546,10.889939182077303,4.453521582461699,0,0,1,Enrolled
19,1,16.764679372263622,14.186416569452192,6.144328340425417,0,0,1,Enrolled
26,1,18.0498899968077,3.3464260800212076,10.929170834562488,1,0,1,Enrolled
20,0,12.698207201282143,15.612634348511143,8.34386837129153,1,0,1,Enrolled
18,1,18.25049410180062,11.675455610282233,3.2045120195301258,0,1,1,Dropout
38,0,14.982556822634535,19.04443571395189,3.4187280484169658,0,0,1,Enrolled
33,0,10.770582791343312,0.8484459641378339,8.362895763255993,0,1,1,Dropout
40,0,10.585509292439792,5.306522751109339,15.145659565510014,0,0,1,Enrolled
23,0,13.342383186960607,12.031077585996481,17.95929293695577,1,0,0,Enrolled
34,1,17.848969771114675,5.9311982441186135,1.6825532451876568,1,0,1,Enrolled
22,1,17.076809347409156,14.288483281424844,7.862078151188021,0,1,0,Dropout
22,0,17.886149646724064,15.18010565043862,2.0049112744575326,0,0,1,Enrolled
23,1,15.172690564416094,2.050319281329489,0.33184961265195767,0,0,1,Dropout
20,0,14.401989979554905,10.277089284135354,13.234373652879132,0,0,1,Enrolled
38,1,11.47452526706284,10.177811111821118,12.048988839331756,0,0,1,Enrolled
40,1,13.281927536093114,7.385615404310821,3.260382276297724,0,0,0,Dropout
22,0,14.340193661738752,18.65849725139344,4.676256661861283,1,0,1,Enrolled
38,1,10.886004296796173,16.550126397464425,0.4741550728903676,1,0,1,Enrolled
22,0,12.206119527112111,13.944187638192735,16.698944113888075,1,0,1,Graduate
27,1,15.982252940637387,14.286532714699952,19.49381192097103,0,0,1,Graduate
27,0,17.356631142391898,9.234322876262382,2.709190735893816,0,0,1,Dropout
36,0,19.983475113929497,18.419890421931516,4.629504275305962,0,0,1,Enrolled
34,1,19.33113331343558,13.891908545065707,17.36819047893868,1,0,1,Graduate
38,1,16.425651995351913,14.57962123311633,18.529275959123698,0,0,1,Graduate
31,0,14.21248053294072,17.233818075746903,8.392547656136207,0,0,1,Graduate
26,1,16.361773647082327,5.48143178684382,1.0124494453814825,1,1,0,Dropout
31,1,17.85651618080232,16.14141807733406,0.787836673856388,0,1,1,Dropout
18,0,11.183361909233874,3.9048120591298408,11.47899732138021,1,1,1,Enrolled
36,0,14.099048896962882,6.906839044897756,7.857902177863581,1,0,1,Enrolled
30,1,18.39802285635617,6.712209085396854,0.5730485515530903,0,0,1,Dropout
30,0,13.83832951933044,19.57050936778281,11.665047846251134,1,0,1,Graduate
21,0,15.718722712271866,17.130744474958536,0.22605073178044943,0,0,1,Enrolled
18,0,15.877693608621982,14.023397231805195,15.74743916298546,1,0,0,Enrolled
34,1,11.844762531336393,14.541135232307802,6.128656454067432,0,0,1,Enrolled
25,1,13.622354416522883,11.241455888051421,0.805160060184642,1,1,0,Dropout
19,0,13.345112887419322,18.94181334217038,11.767044419663065,0,1,1,Enrolled
25,1,10.261967085320649,9.92517505764723,7.953688288661094,1,0,1,Enrolled
24,0,10.241917638913552,7.610354197397891,19.47600826714299,1,0,1,Graduate
19,1,18.316970436757735,3.26070673863182,10.883973250074044,1,0,1,Enrolled
39,0,12.730708099728124,15.72411304522116,5.504783620740166,0,0,1,Enrolled
39,0,15.180787662388155,14.68887864151183,14.188777292679495,0,0,1,Graduate
20,1,12.98725573588773,7.687100770482697,5.429840050854226,1,0,1,Enrolled
35,0,19.406792451153407,0.5038682791845872,18.0848658281513,0,0,1,Enrolled
29,1,12.592967588657737,16.779946554360215,7.494439410147528,1,0,1,Enrolled
18,1,14.296568127389351,0.22835966908147265,10.997371255524104,0,0,1,Dropout
39,0,18.72730250484602,14.073995592581019,1.0114620764845772,1,0,1,Enrolled
29,0,18.419335667918087,19.40514219452114,8.522424759044615,0,0,1,Graduate
22,1,11.861014178462773,8.75322656296407,16.6472707932199,1,1,1,Graduate
34,0,18.026433097957103,4.699468099919056,16.11297610726684,1,0,1,Enrolled
33,0,14.581868867378926,14.097420200867635,4.4863711770705255,1,0,1,Enrolled
32,0,14.829688720853552,16.342562840311704,4.521581420211254,1,0,0,Dropout
40,0,11.334799724159438,10.928606321556947,16.346106244264735,0,0,1,Graduate
32,0,10.806015137571247,19.340705505122923,18.60796840338651,1,1,1,Graduate
22,1,17.27939306973765,1.033374433159222,1.907218425460071,0,0,1,Dropout
38,1,14.964611523552998,10.095911966090563,9.001172788524505,0,0,1,Enrolled
31,0,14.368507026151796,14.369078946451001,6.749085579284579,1,0,1,Enrolled
19,0,17.295082286523968,17.252809422983578,17.413769109148788,0,1,1,Enrolled
28,0,17.6551289899111,3.585112238155801,1.6704982936003754,0,0,1,Dropout
36,1,11.589081676693535,16.00006963527363,4.222518851160748,0,0,1,Enrolled
24,0,16.10225149477641,11.054141514370905,15.049366751729886,1,0,1,Graduate
23,1,11.353540822776855,7.931073639799264,1.0258769796243117,0,0,1,Dropout
19,1,17.513750860290457,2.6343005715818713,9.850707614285785,0,0,1,Dropout
23,1,16.569551562671396,17.30591517817825,8.8421406935944,1,0,1,Graduate
35,0,19.56614621083458,3.145464163594307,6.688023579774973,1,0,1,Enrolled
19,1,10.689580163564212,6.195757184181985,7.891446306378476,0,1,0,Dropout
35,0,10.570547211512544,5.8009106392487375,10.59881173860466,1,0,1,Enrolled
32,1,12.821870746932001,17.428280683817086,3.2273471677676624,0,0,1,Enrolled
36,0,12.61705683735906,13.45405988417796,11.439917565671855,0,0,1,Enrolled
19,1,12.469787990719999,15.933627943827446,16.108646585999725,0,0,0,Enrolled
37,0,19.062545805210366,5.00935797584998,15.20321859580318,1,0,1,Enrolled
23,1,12.495461998495061,12.497481992139978,3.0779980938754736,0,0,0,Dropout
18,0,12.71949726128631,11.434919662874973,2.984989394829478,1,0,0,Dropout
32,0,17.593982624179638,16.65660753576542,5.3634873548982664,1,0,1,Enrolled
40,0,14.4973984245054,18.12174120962521,7.221494526820744,0,0,1,Graduate
27,0,17.767105569551813,0.24313542954773615,8.169111628169652,1,0,1,Enrolled
36,1,10.653661575643852,13.480398381175853,13.593944336666905,1,0,1,Graduate
34,1,14.875711936733843,1.0367159823945804,1.133608643316708,1,0,1,Enrolled
22,0,10.336136001832827,10.977173301547118,0.6934540845213277,1,0,0,Dropout
21,1,10.626532034553545,5.752654580873564,7.8382112588781805,1,1,1,Dropout
27,0,19.06437453344411,6.135531990442824,13.94327384275961,0,1,1,Dropout
34,0,11.392453711175952,7.0591700690471315,3.8687068591296514,1,0,1,Enrolled
27,1,15.32420682275217,12.425848980992203,12.830089625125034,0,0,1,Graduate
34,0,14.110956026007067,6.680999313375384,5.196562758805989,0,0,1,Dropout
37,0,13.473433262588426,14.653981011805609,17.721722176270326,0,1,1,Enrolled
22,1,18.998333456872725,8.090547711477393,17.91379888533233,0,0,1,Graduate
19,0,10.218233967754895,1.3670640061991723,5.945744085626529,0,0,1,Dropout
23,0,16.63789686175589,15.675196849682145,4.599875079264811,0,0,1,Enrolled
38,0,19.633944342135504,5.71516649185412,8.226079441324625,1,1,1,Dropout
19,0,15.60168183461842,8.655337591985253,4.810631703602974,1,0,1,Enrolled
30,1,19.36822462033092,13.708877664438031,13.447676865834072,1,0,1,Graduate
28,1,10.522578792860237,6.64912314297424,16.52129369096571,0,0,1,Enrolled
28,1,14.187933190741614,1.1317131229343125,13.46184261822434,1,0,0,Dropout
33,0,12.601577909620511,7.478420940256272,16.48700894498699,1,0,1,Enrolled
28,0,17.308209649807296,18.888971653886067,7.939843244149483,1,0,0,Enrolled
36,1,19.812970904972467,12.834687945971163,3.126339414177217,0,0,1,Enrolled
32,0,12.565300624442479,13.42958297334414,14.759018947951843,1,0,1,Graduate
40,0,16.541746014740745,12.645643072752797,7.209490102831078,0,0,1,Enrolled
40,0,11.980976327597402,3.979842779188736,13.42541650458265,1,0,1,Enrolled
33,0,15.653302545716098,8.366677282045602,5.412878839635313,0,0,1,Dropout
28,1,14.639324866883362,15.018795967266366,1.6245926961334534,0,0,1,Enrolled
39,1,19.72005329631537,2.027457951063183,19.851635909755267,0,0,0,Dropout
33,1,16.085272726964668,5.557055521794245,3.1240301586119856,1,0,0,Dropout
25,0,13.495063720868188,5.526382169317072,19.768419879269622,1,0,1,Graduate
21,1,11.140957848879333,8.64037855189012,19.545598651328945,0,0,1,Graduate
25,1,11.512468287349346,19.607374818843702,15.876362078160792,1,1,1,Graduate
21,0,12.25316929951235,1.3500509336764388,13.18845924163995,0,0,1,Dropout
20,0,12.509666613402981,10.374019887611901,11.556141005021694,0,0,1,Enrolled
20,1,18.50616057841138,3.587293640244209,17.322030907556695,1,0,1,Enrolled
35,1,15.612227882825248,19.413530908194883,5.788790432389758,1,0,1,Graduate
36,1,15.233909113743664,2.266070094549284,9.35362424969754,1,1,1,Dropout
36,1,11.147688718692175,8.072020047231824,12.387799387330038,0,1,1,Dropout
38,0,18.60139693349435,14.757699696692123,8.223809517389821,0,0,1,Enrolled
22,1,17.228143032084837,14.091088560548906,8.54972908180536,1,0,0,Dropout
35,1,10.676683619000016,8.454572737878646,6.605693350041689,0,0,1,Enrolled
27,0,17.078350972297685,6.930483359054365,11.28463633369072,1,0,1,Enrolled
39,1,15.435382173426461,7.952247571057411,17.01149056030232,0,0,1,Enrolled
38,0,10.817253457467782,5.285525263172786,4.030567560126257,1,0,1,Enrolled
23,0,14.583006415286565,4.106658774135996,18.68866077506883,1,0,1,Enrolled
18,0,14.84696287130047,9.6607939511778,13.781753074964593,0,0,1,Enrolled
22,1,11.657745401632758,5.370675121352146,16.465464253600604,1,1,1,Enrolled
26,1,19.456981470002823,5.749233297945002,11.123813852600232,1,0,0,Dropout
29,0,18.49975371480662,13.13512126949114,15.59033402848127,0,1,1,Enrolled
31,1,16.690223373291083,19.370746633997843,0.3240079467893442,1,0,1,Enrolled
19,1,14.622955610006072,12.072744011187503,16.367608495590705,0,0,1,Graduate
34,0,14.117655415845086,1.5395893412993256,0.8027771817073304,1,0,0,Dropout
31,0,16.50973467150954,1.5116722770813396,17.79826752725725,0,0,1,Enrolled
30,1,15.454318694069055,19.02846441691132,19.839254944772865,1,0,1,Graduate
26,0,10.622731058818855,5.945815806146673,5.881349243535556,1,0,1,Enrolled
32,1,15.125026487703316,1.8413397216495087,4.206371125715873,1,1,1,Dropout
39,1,18.064036172328393,11.980891743007632,15.307267277160815,1,0,1,Graduate
32,1,14.592398775969581,12.472975565805323,5.060526818405064,0,0,1,Enrolled
28,1,10.519565775542684,12.970096402373763,17.31124766344407,0,1,1,Enrolled
33,0,17.86278199384033,5.348040557150826,2.056851843149534,0,0,1,Dropout
34,0,12.013637821359744,0.3022136842895007,2.519103927587165,0,0,1,Dropout
21,0,12.586208348880387,19.300307389089436,19.583031102012313,0,0,1,Graduate
18,0,11.647063534322958,5.01786091382205,13.476777965400093,0,1,1,Dropout
25,1,13.302150648714974,13.52052576105095,16.937744488579057,0,1,1,Enrolled
34,1,17.56751505688635,14.132597397574191,6.486587547030361,1,1,1,Enrolled
20,0,15.193858595039373,12.200148341589713,13.529674990412088,1,0,0,Enrolled
37,1,12.048812741507126,6.258147884272964,11.884836546171943,1,1,0,Dropout
32,1,18.778300781520407,5.421925075281315,12.06300240245894,1,0,1,Enrolled
32,1,18.795818549515293,11.953365654054062,13.650649190754432,0,0,0,Enrolled
39,0,18.70578425046007,17.32191267223383,11.50718346258197,0,0,1,Graduate
31,0,12.387962113815393,18.934674578467913,8.581247386053318,0,0,1,Graduate
40,0,14.51239344180988,2.1181160880751526,5.518453887610937,1,1,1,Dropout
31,1,19.84989656140875,3.096572251954397,15.37162661826404,0,1,1,Dropout
19,0,17.720124763099903,18.89472517566159,4.525448600063724,1,0,1,Enrolled
30,0,10.271674212255599,14.730704566695852,13.847086123088284,0,0,1,Graduate
31,0,10.65204591260492,17.659876496595462,4.666656452986533,0,0,1,Enrolled
36,0,14.639313768123328,4.052652682706864,12.506603399089078,0,1,1,Dropout
24,0,19.0922020586156,11.751717422188037,14.941565342580578,0,0,0,Enrolled
20,0,15.387017979527142,14.022791888349474,4.374277778130784,1,0,1,Enrolled
32,1,14.978125080342902,13.602237708939453,1.1988660172261656,1,0,1,Enrolled
40,1,11.054736999566305,8.163033817333963,2.6194748598834816,0,0,1,Dropout
31,0,16.56780104724294,0.30789783382616953,12.119939345420509,1,0,0,Dropout
28,0,18.221031606002256,11.658521136085263,16.98892812451471,0,1,1,Enrolled
32,1,13.804200075075624,5.062030783592175,0.8999364247084873,0,0,1,Dropout
30,1,17.756118509253277,9.005084922857806,14.683025180832924,0,0,1,Enrolled
35,0,19.644766539008117,19.151620301676346,6.8263729190010425,0,0,1,Graduate
23,0,12.03766459127689,7.980706352848694,9.57056739839045,1,0,1,Enrolled
20,0,15.233296311947413,16.796032133288534,18.577190996911312,0,1,1,Enrolled
36,0,12.871379580845755,3.7708121149850227,6.639430094716909,0,0,1,Dropout
32,1,17.928544190338393,13.449209960500577,9.30673867878972,1,0,1,Enrolled
40,0,15.775933658811574,19.54013908877887,0.2736482952136221,0,0,1,Enrolled
22,0,16.345824175503036,2.037862017458736,1.6319744000967673,1,0,1,Enrolled
27,0,17.97914159615894,0.16639884454384024,5.1718318226956805,0,0,1,Dropout
24,0,13.95970472662455,8.671655852652286,0.5570448164214881,0,0,1,Dropout
34,1,19.150900684070432,1.852509661027344,12.627506520965019,0,0,1,Dropout
24,1,15.3302886724614,14.967686993524627,8.527967136032451,0,0,1,Enrolled
39,1,11.579548228353481,18.29097327697118,10.96290405456044,0,0,1,Graduate
29,0,16.958991181688024,8.680419454175176,3.492943717926591,0,0,1,Dropout
34,0,17.932613504382545,5.174232843108819,5.918640588732322,1,0,1,Enrolled
30,1,13.167616770675266,8.688066380132195,13.276489497054502,0,0,1,Enrolled
37,0,18.57179256998753,14.468956357000021,19.306054472607997,1,1,1,Graduate
21,0,19.061432547657663,0.18108323160741957,1.008335472044184,1,1,1,Dropout
27,1,12.769044873778089,11.789079789693943,17.807686417105323,0,0,1,Graduate
20,1,19.83521472715222,12.265833697747581,11.537624026224169,1,0,1,Enrolled
26,1,11.407115280487584,12.75376493791871,11.278391335112474,0,0,1,Enrolled
30,1,12.0201566840249,4.840441599617544,10.005570704155208,1,0,1,Enrolled
35,0,11.842248392380261,14.281054467562535,1.3878817180836678,0,1,1,Dropout
32,0,18.939897100078703,1.8278297266355281,1.7975370347232134,1,0,0,Dropout
21,1,16.542925523249618,3.9854067293360163,12.018240113181722,1,0,1,Enrolled
32,0,11.52104283222273,17.54940093308964,6.819171428711166,0,1,1,Dropout
39,1,14.403234183683491,14.774463014531328,18.34536133155361,1,1,1,Graduate
19,1,16.152980250698022,0.274911080226905,8.131810747189444,0,0,1,Dropout
32,0,10.834640849893834,4.967525207396005,2.8656291740528217,0,0,1,Dropout
25,1,18.824163684073387,4.288129659863291,14.29437667004072,0,0,1,Enrolled
25,0,18.036035354415354,5.4161265607394515,5.867068428820197,0,0,1,Dropout
34,0,15.052067735766382,4.951195405597728,10.509406147117863,0,1,1,Dropout
29,0,19.671266152591706,1.2505259148569148,13.956655710103401,1,1,1,Enrolled
36,0,14.177609792750996,9.178810331936408,18.00528222404141,1,0,1,Graduate
27,1,19.841103190364976,14.654669495723303,15.843823896033522,1,0,1,Graduate
26,0,16.67919998803627,12.134634494348727,13.527221357454483,0,1,1,Enrolled
22,1,16.346712732539416,13.457433371961596,13.59266364790287,1,0,1,Graduate
23,1,11.65954895295785,1.622983570724783,18.91849288064173,1,0,1,Enrolled
37,1,18.81927758304644,19.029814203535743,5.916481949930721,1,0,1,Enrolled
19,1,14.274896879206151,16.769836676860496,0.02224188392374815,1,0,1,Enrolled
30,0,11.622334057824794,16.101806369913255,5.439091187963974,1,0,1,Enrolled
23,0,10.12607519975759,16.45967610083535,4.35782759253488,0,0,1,Enrolled
22,1,15.597556836383825,18.654210162655225,13.236691702279963,0,0,1,Graduate
18,1,15.273996221226763,10.885079322273954,12.674231995310581,1,0,1,Enrolled
38,0,17.193536223691588,4.005640357352518,11.869227654094477,0,0,1,Enrolled
39,1,18.90258053017802,12.335672157050823,0.324868864189074,0,0,1,Dropout
38,0,10.794065846430295,14.85762987335878,14.57556108901295,1,0,1,Graduate
23,1,17.314964903403624,14.758347867080507,6.47060824970983,1,1,1,Enrolled
23,0,11.874119440975822,10.428980483337602,13.301119780132622,0,0,0,Dropout
40,1,18.58177053157164,1.369174386671561,11.131568570043067,1,0,1,Enrolled
33,1,18.19063513861656,7.422258768602557,6.8546185085581435,0,0,1,Dropout
21,0,15.407937549855443,18.415332169267145,2.691525342082155,0,1,1,Dropout
28,1,17.102427986233117,11.68897819514852,1.888377953209619,1,0,1,Enrolled
40,1,13.143501131837484,10.766638865114269,16.63036666224447,0,0,1,Graduate
26,0,14.711678989328146,5.37707028764387,18.36795084163116,0,0,1,Enrolled
40,1,18.216368977104715,7.368978398331578,12.995760935285992,0,0,1,Enrolled
20,0,14.592651971732138,17.906921783063385,2.0686822972096675,1,0,1,Enrolled
36,0,13.577982653254418,13.329260950536714,8.040544337764814,1,0,1,Enrolled
25,1,14.942124472503,15.747740535046656,14.578784002103145,1,0,1,Graduate
22,1,18.282492524372184,9.086908461353103,15.596417680201363,1,0,1,Enrolled
21,1,13.352080473708728,12.604944389123158,2.364372445821772,0,0,0,Dropout
23,1,11.737615931357437,4.96767217486415,0.0006143769076483174,1,0,1,Enrolled
19,1,17.120140203307805,14.109216605669726,14.2427409176121,1,0,1,Graduate
37,1,18.25978212708082,8.552026674066745,7.131923519724113,1,0,1,Enrolled
28,1,11.006374785235334,8.850910296294911,5.089626632365205,1,0,1,Enrolled
21,0,12.398741127559447,12.986446491537633,0.2579493957905088,0,0,1,Dropout
32,1,11.419719897609939,18.725612429378533,10.805988135229994,0,0,1,Graduate
23,0,13.479414115821665,1.2801269321724185,17.023014708519636,0,1,1,Dropout
39,1,14.503509789054126,16.494864746940152,19.15263292545176,1,1,1,Graduate
34,1,17.488263369633064,5.847662208243863,11.314899012265784,1,0,1,Enrolled
23,0,16.51147584881674,8.878389090127556,10.289226554797883,0,0,1,Enrolled
36,1,16.20928567478431,0.4382665755001791,1.701127709784822,1,0,1,Enrolled
19,1,13.523749466096543,6.020921556686261,10.977456030851995,1,1,1,Enrolled
32,0,18.4144755308476,10.052624852602609,7.599581579307893,0,0,1,Enrolled
28,1,14.712871673981645,1.1235215469487803,12.142705617671538,0,0,1,Dropout
25,1,19.791049380151545,9.821914587663302,7.774526957530934,1,0,1,Enrolled
36,1,16.341421382957368,18.542212577168545,4.8059824690073345,1,0,1,Enrolled
30,0,11.262647415645027,2.1078643621561044,1.89930550456753,1,1,1,Dropout
29,1,16.761775620754342,15.288814561510087,6.298368891777915,0,0,1,Enrolled
22,1,13.25104015431699,8.193421067519854,1.9328966857550456,0,0,1,Dropout
23,1,16.863271966860975,13.10347429048676,3.5379390164796787,0,1,1,Dropout
39,1,10.696411481624057,5.204731959704587,19.74672317159092,0,0,1,Enrolled
21,0,11.748814371759593,3.1898452508271657,8.882071138132373,1,0,1,Enrolled
36,0,18.557372589057863,3.2092522854245287,10.637435330100331,0,0,0,Dropout
37,1,12.271795570235149,1.409838912862893,17.472370574744307,0,1,1,Dropout
18,1,18.3704112524294,3.7129340980248604,19.911378009813756,1,0,1,Enrolled
37,0,12.792760884544105,13.284387699779366,11.654288986893631,1,0,1,Enrolled
34,0,16.428819100587077,17.63381223687016,16.249476420883433,1,0,1,Graduate
29,1,16.94150573509831,16.282513711823235,6.538820486733505,0,0,1,Enrolled
32,0,15.12654753145053,13.702686197489681,6.114879148945822,1,0,1,Enrolled
18,1,13.053106766967312,2.2086372682220534,8.054074419891204,1,0,1,Enrolled
31,0,12.126443763710961,5.783748925918997,13.450145253472982,0,0,1,Enrolled
23,0,10.331893545624261,6.1961375064493796,13.643833785101975,0,1,1,Dropout
22,0,13.039464012407239,4.9991389279524245,6.304788692989016,1,0,1,Enrolled
28,0,16.53162790531283,10.300113194194463,2.6641984827325738,0,0,1,Dropout
21,1,19.383048184484828,10.71107629759345,12.64792512931017,1,0,0,Dropout
30,0,18.71204482263052,7.137719503422204,2.5665172437752903,1,0,1,Enrolled
28,0,17.660647765353026,7.07578317472872,11.569850164586601,0,1,1,Dropout
20,1,17.884473432532985,16.571111958121627,13.86844256112618,1,0,1,Graduate
18,0,16.649849034759953,15.785856966393712,14.012229927889033,0,0,0,Enrolled
23,0,12.602868575660029,6.155916633614913,15.069442213191934,0,0,1,Enrolled
35,1,19.071950307058298,18.275768877465186,17.45718843131329,0,0,1,Graduate
27,0,16.70732311905834,19.05630034005012,9.999179839295769,1,0,1,Graduate
22,1,15.6044063098044,6.534850840600816,14.604983790591424,0,0,1,Enrolled
40,1,11.10989469213481,7.088498975861097,12.383454707316734,0,0,1,Enrolled
27,1,14.470555438064254,10.112683068439177,3.7327987959536513,1,0,1,Enrolled
29,1,14.603582712019263,18.82241625067347,0.5137928973881634,1,0,1,Enrolled
19,0,18.6456360952267,17.52638866284623,5.690827713538676,1,0,1,Enrolled
30,1,15.466482201877884,2.051359251671796,8.860674126752388,1,1,1,Dropout
25,0,13.804005489704096,7.854614865428324,12.342118888573125,0,0,1,Enrolled
19,0,19.768003285106595,11.067423794995436,16.999186610064108,0,0,1,Graduate
37,0,11.107205933263156,10.0626494510308,3.924914334123313,0,0,1,Dropout
18,0,14.225484283119446,3.8772613587378535,2.510995797969542,1,0,1,Enrolled
22,0,10.420246751714053,17.176335423363092,19.26959894948655,1,0,1,Graduate
26,0,17.399041207669303,13.538815659936747,2.1608911875281422,0,1,1,Dropout
34,0,19.180765521991507,16.758167497036073,9.569821402143784,1,0,1,Graduate
26,0,12.800373295504894,17.175285586989443,11.711274575866037,1,1,1,Graduate
28,0,18.58341676799121,14.967117073314796,10.827488418148764,0,0,1,Graduate
32,0,12.922182304618978,8.784212024994346,1.720643140658864,0,0,1,Dropout
23,1,19.10770161643915,12.210935100308491,1.1405382800723873,1,1,1,Dropout
40,1,17.53961903596784,3.207308122394863,2.1096685492207135,1,0,0,Dropout
20,1,18.049067768414385,13.472908349498153,11.71175367745225,1,1,1,Graduate
34,0,10.180065556004545,3.585065114785615,10.886897752686423,0,0,1,Dropout
22,1,19.628103570740258,13.878991810203136,4.674815840734885,0,1,1,Dropout
29,1,17.26670992070323,4.591963215079373,12.755482836911831,0,0,1,Enrolled
35,1,13.047510953861334,2.3510260030043995,16.401350041112988,0,0,1,Enrolled
31,0,18.29394664858847,3.3056898028591486,0.8315791969318753,0,0,0,Dropout
38,0,12.8152119841493,0.03984270438140536,9.962598870960848,1,0,1,Enrolled
28,0,18.727538395661277,14.374792357070605,13.786208242053807,1,0,1,Graduate
26,0,11.12580390411937,14.648020981167582,5.046238541393741,1,0,1,Enrolled
19,1,17.036859774607958,10.298666998265189,6.1554181058629815,0,0,1,Enrolled
